ID,y
0,78.08482
6,92.25234
7,81.84259
9,78.531166
13,108.98077
18,95.88498
24,95.905014
25,96.16705
27,102.18729
30,101.58676
31,102.18729
32,106.61831
34,96.583534
36,96.11546
37,102.10325
38,96.59804
39,95.63797
40,96.583534
44,91.430664
47,97.71755
48,96.583534
49,96.583534
50,94.40443
52,96.583534
54,97.97292
60,104.13883
61,110.60695
62,112.12139
66,103.60239
67,80.00633
68,96.735275
70,99.66952
74,108.81131
75,101.81756
79,110.29102
80,111.451256
81,93.66765
86,103.403946
90,99.11263
92,98.40822
100,110.11731
102,103.67562
106,110.43397
107,112.59334
108,96.17254
109,103.67562
112,103.403946
116,93.6774
118,107.57584
119,102.83216
124,96.583534
125,105.86003
127,103.30478
128,104.70761
129,106.20134
130,91.96727
131,101.747505
133,98.22518
134,111.11791
136,100.00429
139,112.09843
141,105.86003
143,93.808304
145,110.08898
146,97.59138
147,102.19167
150,106.59206
151,106.706764
152,94.3032
153,105.86003
154,107.13268
158,112.45811
159,105.81944
160,108.66483
161,108.67684
164,114.99403
165,105.82287
166,114.7854
168,93.0842
169,99.3885
170,95.94809
171,101.342255
173,94.70798
174,107.67692
175,101.04749
176,99.44352
177,98.22518
178,110.89767
184,102.31438
186,101.57381
190,104.13883
197,107.70071
200,105.00688
202,113.02684
203,94.01298
207,105.86003
208,105.86003
209,107.5157
212,103.67562
213,104.58889
214,96.36606
215,98.262695
217,96.214806
218,111.45083
222,102.77967
223,100.86249
224,99.29296
225,101.18392
229,101.80578
232,93.52839
233,106.68242
234,99.307144
237,100.205605
239,112.09843
240,100.69761
241,102.18729
246,92.183784
252,113.16364
255,113.02684
260,101.4264
261,103.838295
263,102.25924
264,98.22518
265,95.63797
268,95.39383
269,102.34391
270,109.41784
271,103.30478
274,77.62628
277,105.894936
278,109.80605
281,95.159874
282,94.16509
284,110.48727
286,95.39383
287,95.63797
294,99.42496
295,98.361824
300,95.56155
301,103.37283
302,100.00429
303,86.244514
308,97.16167
309,109.357574
310,107.69929
312,105.86003
315,101.407745
317,100.29345
318,93.26348
319,103.403946
320,97.40379
321,103.838295
322,105.86003
323,96.167854
325,101.80578
326,99.6706
328,109.60157
331,104.18439
332,100.50814
333,110.80591
334,96.17254
335,102.98993
336,95.760254
341,96.29141
342,93.54744
344,113.02684
348,107.77452
351,113.02684
355,97.44244
356,91.35014
359,90.45553
360,95.7992
361,95.12544
363,111.45083
369,107.863144
371,91.645966
372,100.63177
374,93.381355
375,94.24584
376,102.18729
379,97.27111
380,108.02074
381,100.12658
383,102.62798
385,104.39031
386,105.08652
387,79.121796
388,100.84207
389,103.265755
391,108.03592
394,95.03509
397,113.88391
398,90.72766
400,107.43073
401,94.14577
402,78.77812
403,99.25136
404,98.97765
405,102.559975
407,110.43397
411,103.838295
414,93.07469
415,100.78555
416,111.984406
417,96.49407
418,98.29221
422,80.17768
423,113.02684
424,113.02684
425,94.011154
426,78.08454
427,102.115425
428,95.40872
429,91.92902
431,106.2637
432,95.88498
433,95.17878
435,96.57907
441,95.155624
442,99.3885
444,96.671524
445,102.25924
447,104.8308
449,101.86641
450,93.68679
451,90.78988
454,93.85811
455,110.12471
456,101.25423
461,103.33781
463,103.49044
466,101.39339
468,109.63579
469,110.996796
470,102.18729
474,107.51379
476,108.47717
477,78.52298
478,105.802
479,92.10403
481,98.18003
482,105.239975
483,113.02684
484,112.45035
485,82.097984
486,100.84122
487,93.87283
489,111.21391
494,94.380424
495,111.94674
496,103.33781
503,114.27456
504,80.70956
505,106.690285
507,94.42932
508,95.09847
509,96.370575
513,100.457726
514,107.003334
515,94.33738
517,101.850266
520,110.81879
523,94.40107
524,109.29459
525,92.42011
527,99.832756
528,98.347015
530,102.96634
531,112.09843
534,98.82954
535,105.389366
538,106.574165
542,99.87936
544,78.87635
545,99.576164
549,105.93196
550,110.17791
553,102.07778
554,107.43073
555,96.48594
561,103.469246
563,106.68242
564,97.22592
565,111.21391
567,99.3885
568,103.403946
569,102.98993
574,102.18729
578,100.94491
582,98.958725
583,98.15403
584,111.44964
585,114.99403
586,113.02684
587,112.41188
588,98.574
590,112.62673
592,100.9905
596,99.576164
597,106.45862
599,103.49422
600,101.579765
601,90.72766
603,112.09843
605,102.70088
607,107.96372
611,92.69389
612,115.697754
613,111.52012
614,104.46967
615,95.6812
619,95.49418
621,113.18679
625,107.6978
627,105.94186
631,102.25924
632,91.08004
633,103.14886
634,96.512436
635,98.18003
636,95.07673
639,98.352844
640,96.8683
641,99.66952
642,111.21391
644,112.70398
647,101.12724
649,99.060524
650,109.63579
651,98.16684
655,99.99901
658,107.9981
661,106.59443
662,92.99524
665,94.62902
667,95.366615
670,95.84517
672,104.89065
673,94.68754
674,102.77415
676,110.289734
680,98.110756
681,90.71593
683,108.540436
684,95.564575
686,94.98611
689,94.66113
690,108.76287
691,102.91688
692,110.870445
694,106.27838
695,99.681595
697,101.78897
699,108.00012
700,91.71193
702,113.02684
703,94.97294
706,102.18729
707,96.36606
708,101.6582
713,93.0842
718,107.44154
719,103.39164
722,106.83905
723,110.695656
727,93.53184
729,111.2269
730,95.0485
732,79.61976
733,98.074486
735,106.85673
736,100.50343
737,95.37977
739,95.63797
740,98.08907
741,99.10551
742,96.31894
743,99.16189
744,105.47655
747,82.097984
748,110.314545
749,99.576164
750,111.21391
752,103.838295
753,103.8239
755,104.13883
757,112.09843
760,112.38255
762,102.96634
763,95.5669
764,101.81935
765,98.36761
775,95.870766
778,113.02684
779,102.99078
781,101.71384
783,106.35435
784,102.18729
785,111.20948
786,98.11706
789,93.66079
790,111.63693
791,103.33781
794,97.914986
795,96.7346
796,95.88275
797,109.29459
799,92.810074
801,77.8816
802,114.274734
803,103.60239
804,95.760254
805,96.919
807,101.39339
808,94.27954
810,95.00371
813,100.63746
815,99.784386
819,109.726845
821,111.21391
822,104.21589
824,111.21391
825,97.43037
826,99.238
827,99.61836
828,105.08652
832,113.02684
833,113.27275
835,96.57907
836,99.06809
837,95.564575
838,111.94562
840,105.894936
842,112.45035
843,93.050095
846,107.086075
847,98.42047
849,98.94905
853,99.71412
857,104.22295
858,95.37125
860,102.60173
862,109.07724
863,95.07006
868,105.08973
870,98.42047
873,110.466446
874,77.929146
875,102.98993
876,115.823395
877,101.10983
878,111.16529
879,94.91409
880,101.424164
881,113.02684
884,107.06506
886,104.56391
887,96.77892
889,112.45035
890,78.96022
891,103.96474
892,93.68096
894,102.25924
895,102.18729
896,113.02684
897,111.010025
898,100.76786
899,78.71969
900,97.71908
902,103.11739
906,93.69423
907,98.1309
908,105.63771
909,95.34151
912,99.832756
913,98.42047
915,96.31894
916,113.36567
917,112.90311
919,105.894936
920,99.3885
922,109.551636
923,105.539154
924,111.21391
925,94.57691
926,103.838295
927,95.08541
930,107.822556
931,97.49491
936,98.554405
938,114.34128
945,100.53866
946,111.894875
948,105.0058
950,102.18729
955,106.72207
956,104.829994
958,98.42047
961,110.01285
962,98.42047
964,79.204155
966,99.53131
968,108.442314
969,92.71729
970,97.393036
976,102.5962
977,98.04018
979,110.425674
982,95.193054
983,102.98993
985,111.20362
987,103.79249
991,109.0853
993,103.49044
994,104.58889
995,111.94562
997,103.33781
998,95.34151
1005,96.57907
1006,92.075455
1007,92.64795
1011,108.91265
1017,95.34151
1018,100.36369
1023,110.457
1026,109.840355
1031,98.43693
1032,102.223305
1034,111.47779
1035,105.43437
1039,95.7992
1040,97.38994
1041,95.564575
1046,93.711006
1048,91.479836
1049,102.36309
1052,98.42047
1053,95.1679
1055,112.16152
1058,100.95817
1060,95.611206
1061,111.45083
1065,95.80508
1067,108.61001
1068,103.60239
1069,95.28461
1071,106.30221
1072,108.96598
1073,102.142456
1074,98.592865
1075,109.67595
1079,106.54661
1081,94.03992
1084,114.66562
1085,113.02684
1086,100.9905
1087,99.09854
1088,93.69423
1090,108.96598
1092,113.07572
1094,98.16627
1095,108.02378
1096,102.98993
1098,102.27797
1100,102.98993
1102,102.818565
1105,92.89028
1107,110.3755
1108,98.42047
1113,109.726845
1115,95.63797
1118,102.07778
1119,109.726845
1121,99.76077
1122,99.21537
1123,102.17542
1127,100.84207
1128,101.96839
1129,98.18003
1130,99.48541
1131,94.16509
1132,104.13883
1133,105.84213
1135,103.67562
1136,113.09348
1139,104.976074
1140,78.71969
1141,93.96289
1142,101.940254
1143,102.18729
1147,101.4994
1149,112.99175
1151,99.213844
1156,96.43327
1158,101.03469
1159,104.61466
1160,78.86469
1161,102.691444
1163,103.49044
1164,106.93484
1170,113.02684
1175,97.31983
1179,99.213844
1180,105.43007
1181,106.95753
1183,107.07957
1184,102.108894
1185,105.47655
1190,114.46201
1193,97.08548
1194,106.7212
1195,113.02684
1196,100.28641
1199,113.02684
1202,75.97245
1204,105.18776
1205,103.67562
1206,111.94562
1207,107.74871
1208,102.98993
1210,111.94562
1211,95.24134
1212,99.09854
1213,101.69353
1215,94.16509
1216,110.489876
1217,105.579605
1219,93.91509
1220,109.27956
1221,98.27329
1223,108.96598
1224,99.3885
1225,98.2229
1227,101.18667
1229,101.31733
1231,111.94562
1234,96.31648
1235,111.45083
1237,99.40745
1239,111.94562
1240,95.760254
1242,99.159004
1243,111.05962
1245,93.255325
1248,110.40766
1249,92.28091
1252,111.21391
1253,97.35625
1261,111.66742
1262,93.58254
1264,102.05864
1265,94.33738
1266,105.01414
1269,108.382454
1270,100.95449
1273,103.78241
1278,110.53279
1280,99.09854
1284,101.26614
1287,109.19349
1288,99.159004
1290,111.94562
1291,95.564575
1292,110.35204
1293,97.06126
1294,93.24747
1295,110.910965
1297,96.57907
1298,94.93195
1300,99.98392
1302,98.42047
1303,109.726845
1304,97.28784
1305,108.96598
1309,110.45987
1310,78.405
1311,114.134285
1312,102.76525
1318,113.02684
1320,103.243805
1321,113.02684
1322,92.65288
1326,96.419464
1327,105.11039
1333,101.50668
1334,113.02684
1335,103.38657
1336,113.02684
1341,75.97245
1342,113.02684
1344,93.711006
1345,93.48768
1346,113.02684
1350,112.99175
1351,96.997986
1353,113.02684
1355,95.223465
1356,75.97245
1357,101.940254
1358,97.82987
1361,112.53207
1362,101.26614
1367,108.032555
1368,110.57063
1369,102.582985
1370,111.29461
1371,100.87372
1373,107.36106
1374,100.84207
1377,108.95952
1382,93.572395
1383,112.09843
1385,95.51252
1386,93.47469
1389,113.02684
1390,103.67562
1391,105.4237
1393,113.02684
1397,95.05056
1402,96.06711
1405,108.96598
1409,106.34582
1411,99.159004
1414,93.47469
1416,97.24857
1417,98.51878
1418,111.00696
1419,106.812256
1421,78.86469
1428,99.53131
1433,111.21391
1435,101.84881
1436,98.17476
1439,104.13883
1443,102.803795
1447,92.666115
1449,99.6378
1450,104.17414
1451,94.711945
1452,99.09854
1457,111.00696
1460,95.0485
1462,104.29834
1463,96.17254
1464,110.30998
1467,102.25924
1468,95.40872
1470,110.11724
1471,78.71969
1473,100.84207
1475,94.95321
1476,110.289734
1478,102.17683
1480,102.18729
1481,101.858086
1484,110.08604
1485,96.57907
1486,110.45698
1489,87.79136
1491,96.57907
1493,104.038635
1495,106.61831
1498,112.45035
1500,97.08548
1501,78.89294
1503,105.47655
1504,94.96099
1505,102.25924
1506,110.30525
1510,108.61001
1515,110.847404
1516,99.09854
1517,112.09843
1520,98.67429
1521,100.10713
1523,99.09854
1525,105.39994
1526,105.59727
1528,103.838295
1530,95.37125
1531,104.63717
1533,112.9058
1534,104.60862
1535,108.76914
1538,104.59535
1540,93.38417
1541,109.614716
1546,93.711006
1547,111.57039
1548,95.63797
1549,93.94795
1552,93.18718
1553,92.55294
1555,112.731575
1557,106.55265
1558,102.14952
1561,107.07455
1563,105.894936
1564,95.63797
1565,114.008896
1568,96.04427
1572,99.636375
1573,110.989235
1575,104.120026
1576,101.940254
1577,101.77286
1579,112.928764
1581,104.13883
1582,99.73091
1589,106.460106
1591,94.81759
1593,98.67429
1594,101.96839
1595,94.80994
1597,104.59535
1600,111.45083
1601,101.37483
1602,93.711006
1603,110.89094
1605,103.67562
1610,112.45035
1612,114.96354
1614,77.06872
1615,111.19348
1617,102.11705
1618,103.96474
1623,111.894875
1624,111.21391
1626,95.61315
1628,102.968704
1630,103.02793
1631,108.77419
1632,107.854416
1633,112.99175
1635,107.43073
1637,96.48293
1640,102.18729
1642,100.34033
1649,99.09854
1650,105.76515
1651,93.47469
1654,111.45083
1655,112.45035
1657,97.713196
1660,102.471436
1662,95.65472
1671,106.46032
1673,93.13989
1675,99.832756
1676,95.34151
1681,90.02387
1682,101.424164
1684,109.723755
1685,102.67092
1688,112.09843
1694,98.484924
1698,105.298004
1699,111.97143
1705,96.5235
1709,110.65187
1712,107.86181
1714,98.2229
1715,105.779976
1716,112.45035
1718,105.298004
1721,112.99175
1723,93.18718
1724,96.28618
1728,111.894875
1732,97.713196
1736,94.414185
1737,95.58344
1739,78.71969
1740,113.33966
1741,97.08157
1743,92.10403
1744,108.29104
1746,99.78633
1748,103.67562
1750,101.80578
1757,108.00829
1765,95.6591
1767,105.18776
1770,99.4509
1776,100.94068
1778,97.42366
1781,75.97245
1782,103.2024
1783,91.62349
1784,100.41351
1785,96.94113
1786,96.564606
1789,100.01198
1791,103.67562
1792,103.403946
1793,95.65472
1794,91.70098
1795,96.14747
1797,102.17683
1798,94.0198
1799,94.880875
1800,102.32134
1802,100.00578
1804,108.8026
1805,99.95031
1806,101.15729
1808,98.17461
1810,96.414635
1811,105.14477
1817,94.61753
1819,103.49044
1823,96.40578
1824,104.17414
1827,105.97468
1829,95.87315
1830,111.621315
1832,94.91282
1833,100.04989
1834,97.24857
1835,112.29772
1838,92.03832
1839,101.858086
1840,95.7992
1842,95.88275
1843,106.777504
1845,91.192795
1846,100.00578
1847,94.17305
1849,78.96022
1850,112.88677
1855,101.10983
1857,101.22275
1858,101.47394
1862,95.65472
1864,98.41389
1869,103.92281
1870,107.57584
1871,102.66915
1873,108.77419
1874,109.360725
1875,98.42833
1876,97.22058
1877,93.26348
1878,112.41188
1881,103.73857
1883,106.801315
1884,108.31258
1886,97.08548
1889,94.31195
1891,99.41527
1892,106.386635
1893,112.45035
1898,94.84922
1899,109.723755
1903,94.047905
1904,105.559555
1907,78.33039
1908,100.32728
1909,106.37289
1910,96.255714
1911,95.63797
1913,113.02684
1914,97.11966
1919,110.1349
1921,97.08548
1922,75.97245
1926,96.17183
1927,110.33991
1928,95.2625
1929,97.66911
1931,97.85169
1936,102.18729
1937,96.56712
1938,93.886024
1939,99.09854
1946,113.02684
1947,94.56903
1950,81.39
1951,105.18776
1953,96.18754
1956,99.04169
1957,102.49816
1961,95.564575
1962,96.27416
1964,113.573
1966,94.98704
1967,95.88498
1970,100.79534
1974,95.603386
1976,107.45042
1980,95.451744
1983,109.24588
1984,108.759224
1985,94.96099
1986,92.32885
1989,91.603645
1990,94.19423
1991,93.18718
1992,103.49044
1994,98.07737
1995,78.49437
1996,109.163315
1998,98.64227
2000,102.10325
2005,105.298004
2008,90.62542
2011,80.68431
2012,102.232346
2014,106.06497
2015,93.48768
2016,110.77907
2017,102.10325
2019,97.83841
2020,112.45035
2021,95.87538
2023,107.81282
2027,114.25123
2028,95.72418
2029,93.26348
2034,93.80991
2038,98.8998
2039,102.92479
2041,106.791374
2042,96.214806
2045,103.403946
2047,95.67001
2048,97.08548
2049,95.82364
2050,102.69179
2051,93.26348
2052,112.99175
2053,96.77875
2057,109.103546
2058,94.28019
2061,103.250694
2064,100.20676
2065,96.784706
2068,97.08548
2069,110.962006
2070,105.63463
2071,112.127106
2077,96.1067
2078,103.403946
2079,94.49143
2081,105.18776
2083,104.71308
2084,75.97245
2086,101.22275
2088,102.98993
2089,104.49582
2090,93.85811
2094,96.28006
2095,114.353065
2096,80.70956
2097,103.857025
2099,109.778145
2100,95.87315
2104,108.96598
2108,102.83216
2109,96.27416
2111,107.721214
2112,97.24857
2113,109.56384
2116,93.99492
2121,111.64565
2124,99.829895
2125,95.63797
2130,94.11428
2131,99.16142
2133,98.51752
2134,111.819954
2136,109.69732
2137,107.23803
2140,102.98993
2143,102.18729
2144,96.1669
2145,110.01056
2147,106.07695
2148,96.27416
2149,111.645775
2150,96.62222
2152,103.67562
2153,93.18718
2154,112.552734
2155,98.82485
2156,112.99175
2158,112.90311
2160,103.49044
2161,95.29451
2163,98.17888
2165,107.857086
2166,98.40634
2169,100.1122
2170,98.792984
2172,110.11088
2176,103.98072
2177,110.502785
2179,98.17888
2181,99.98868
2182,101.53262
2183,99.159004
2184,94.57914
2186,106.07682
2187,107.43073
2188,100.18386
2191,95.516106
2193,112.99175
2195,98.70372
2196,98.40634
2197,78.529915
2198,91.414215
2199,103.5204
2202,100.80549
2206,111.09755
2207,98.09074
2208,99.36533
2210,109.48885
2211,96.470215
2212,113.873535
2217,78.350746
2221,98.310745
2224,102.24952
2227,93.18718
2228,102.96634
2229,110.31927
2231,99.426254
2232,99.495705
2238,95.88275
2239,109.827835
2242,98.08807
2243,105.47655
2244,98.40634
2245,78.529915
2246,93.18718
2247,115.697754
2251,94.96099
2255,101.79325
2257,96.14747
2260,95.63797
2261,99.96389
2263,105.97468
2264,96.654724
2267,109.53949
2268,99.75816
2270,96.214806
2272,104.2774
2276,93.18718
2278,100.20676
2281,99.36533
2284,102.63401
2285,108.171844
2286,114.09782
2287,101.424164
2290,105.906746
2293,109.423775
2294,91.23952
2295,95.63797
2296,105.47655
2302,100.628654
2303,113.081505
2307,93.18718
2310,112.44344
2313,114.46201
2314,97.37631
2315,98.85257
2317,113.081505
2318,96.80223
2319,95.822945
2320,101.03974
2323,78.280685
2324,96.02421
2327,113.02684
2328,109.22134
2336,107.43073
2339,95.28461
2341,98.35584
2343,113.02684
2344,100.84207
2346,98.40822
2347,103.38346
2348,95.93656
2350,112.99175
2353,101.836334
2356,96.11528
2359,103.838295
2362,99.70994
2363,99.85033
2365,94.747734
2367,111.621315
2368,94.695114
2372,106.58524
2375,108.76903
2377,99.475426
2379,113.081505
2380,96.73434
2381,96.72078
2384,109.47075
2385,103.33781
2388,98.64675
2391,94.80453
2393,106.66035
2394,107.81193
2395,80.037506
2396,102.9021
2397,90.85988
2403,96.32943
2405,95.59241
2406,113.13847
2410,92.664665
2411,106.93484
2414,98.2229
2416,106.58524
2417,101.0437
2418,105.63086
2419,111.42569
2421,94.80979
2424,96.85853
2425,111.09755
2427,98.110756
2428,104.45614
2429,110.16561
2430,93.18718
2431,107.17818
2433,93.93645
2437,103.10773
2439,75.97245
2441,98.07737
2442,94.76276
2445,102.029335
2446,98.72807
2448,103.5204
2449,93.18718
2451,102.10325
2452,97.08548
2453,93.18718
2456,104.801414
2457,95.87315
2458,93.26348
2461,107.238045
2462,100.1122
2464,92.69389
2466,85.85345
2467,95.373474
2470,93.18718
2471,94.747734
2472,99.044395
2473,94.747734
2475,99.308014
2476,101.41273
2477,95.92139
2479,100.1122
2482,98.07737
2483,102.55111
2484,98.66237
2485,99.70129
2486,103.81814
2487,111.998375
2488,99.057045
2491,93.686134
2493,96.55454
2494,103.98072
2495,113.830185
2498,106.67696
2499,95.06364
2501,98.2229
2502,112.99175
2503,108.55183
2504,91.748764
2506,96.255714
2511,103.24006
2512,94.18848
2514,102.98993
2516,111.47779
2517,105.08652
2522,110.69416
2524,99.11131
2526,92.914825
2527,111.87766
2528,94.66248
2531,100.1122
2532,96.55025
2534,99.75969
2536,111.64565
2537,95.34854
2539,107.092834
2540,102.210144
2541,91.748764
2542,104.485535
2543,102.95689
2545,78.71969
2546,96.77875
2547,100.1122
2548,99.74469
2549,108.02074
2550,100.49058
2551,108.96598
2552,101.97536
2554,96.09095
2555,100.1122
2557,78.71969
2566,106.39736
2568,98.22105
2569,96.38176
2570,104.235794
2571,108.192635
2573,100.1122
2574,111.64565
2581,98.671005
2584,96.9642
2585,90.794846
2586,109.631966
2588,112.45035
2592,101.62536
2593,111.15537
2595,113.081505
2596,113.02684
2601,94.52388
2605,103.5204
2609,99.6706
2610,113.387344
2611,93.914406
2612,110.09733
2616,93.009384
2618,112.45035
2619,110.35438
2621,104.22739
2622,103.498024
2625,96.414635
2626,105.43944
2628,111.79108
2631,105.053314
2633,108.208084
2634,92.25672
2635,96.80554
2637,107.86933
2638,94.17305
2641,97.993416
2643,106.447334
2645,78.58121
2648,100.25799
2651,108.11799
2654,91.7821
2656,95.869194
2658,105.547356
2660,103.61186
2661,95.88498
2666,99.236565
2667,102.97455
2668,94.908516
2669,100.74848
2673,104.21589
2674,111.88729
2676,113.02684
2678,95.883965
2680,112.45035
2681,98.00488
2682,109.614716
2686,107.321846
2687,94.603546
2691,113.08614
2692,104.218735
2695,111.77252
2696,101.10192
2698,102.10325
2700,94.24423
2701,100.9891
2702,93.16017
2704,107.18292
2706,93.15061
2707,99.790405
2708,106.14961
2716,103.063354
2719,95.88054
2722,104.07648
2723,96.754654
2724,97.08548
2725,113.574295
2727,99.73141
2729,100.47159
2730,93.796295
2733,90.299675
2735,97.97098
2740,96.32753
2741,113.74015
2742,94.90714
2743,76.859314
2744,96.97719
2745,102.80043
2747,110.35204
2748,96.59253
2750,100.67013
2754,96.17254
2755,101.03469
2756,95.53977
2761,96.183975
2763,105.78356
2766,107.00356
2767,101.51495
2768,78.66652
2770,99.966064
2772,105.703156
2773,96.25312
2775,99.86446
2780,97.08548
2781,104.17414
2783,79.13252
2785,91.19796
2786,110.40925
2788,123.92555
2790,104.29209
2791,93.18718
2793,109.95848
2794,103.23132
2795,100.94569
2796,105.547356
2797,102.98993
2803,95.0399
2805,100.1122
2806,98.03968
2810,99.57681
2813,97.08548
2815,103.5204
2819,107.40133
2825,105.83379
2827,99.61077
2828,109.75362
2830,93.659485
2831,100.1122
2832,103.17855
2833,78.35732
2836,93.42915
2837,105.97468
2843,105.75305
2844,93.18718
2845,108.94102
2847,96.02884
2852,111.64565
2855,102.72391
2856,102.18729
2857,92.91389
2859,103.19861
2860,94.97442
2862,105.85385
2863,97.18964
2869,98.42047
2871,104.15602
2872,108.358444
2873,110.80863
2874,100.7302
2875,96.80747
2876,106.5187
2879,95.67764
2881,100.1122
2886,97.60541
2894,112.014755
2895,97.623146
2896,105.08652
2897,100.62202
2902,102.25924
2903,94.327225
2904,107.146774
2905,99.64138
2906,107.1811
2907,99.89448
2908,109.827835
2912,109.423775
2915,94.98113
2916,109.17555
2917,109.93112
2924,99.829895
2928,111.99858
2930,100.085266
2931,99.21537
2932,94.57495
2935,98.03711
2937,113.07572
2938,78.42705
2939,95.64232
2940,102.98852
2944,95.88498
2946,98.79819
2947,99.96389
2948,98.39805
2949,104.46847
2952,104.13883
2957,107.99437
2958,102.608116
2959,98.9647
2961,107.77156
2965,95.63797
2970,105.069374
2973,99.96389
2976,96.40677
2978,108.97195
2979,93.919975
2982,75.97245
2988,107.86933
2993,109.603424
2994,110.87724
2997,108.384056
2998,95.63797
2999,92.607834
3000,93.36461
3001,112.560326
3003,105.08652
3007,94.10424
3008,102.582985
3009,96.36899
3012,95.03273
3013,113.13847
3019,111.64565
3020,98.19835
3022,97.08548
3023,93.365204
3025,103.73857
3026,101.28952
3027,104.06611
3029,99.866005
3031,102.83216
3033,105.94607
3034,105.14477
3035,113.982735
3036,95.88275
3037,106.83356
3038,102.18729
3042,108.02047
3045,97.809166
3047,111.64565
3048,78.529915
3049,94.908516
3050,91.98065
3051,103.936066
3052,104.199196
3053,94.366936
3054,96.33515
3057,107.86933
3060,106.3703
3062,111.64565
3064,93.71642
3065,101.97838
3070,98.98222
3071,111.88729
3075,110.1349
3076,98.2229
3078,78.35732
3079,96.17254
3080,96.293015
3081,96.236435
3083,100.925316
3086,95.63797
3087,94.08417
3089,96.77875
3090,110.81151
3095,106.74116
3099,106.14415
3100,98.76337
3101,95.87315
3103,101.80578
3104,102.582985
3105,115.697754
3107,102.18729
3108,97.70847
3110,101.44915
3114,108.029495
3118,95.96469
3119,99.88188
3120,78.65211
3128,93.10231
3131,100.79439
3133,100.22607
3136,99.8571
3139,108.02074
3141,93.518456
3142,99.59163
3143,108.78198
3153,108.2626
3154,96.29696
3157,99.94358
3158,98.0279
3160,105.547356
3164,95.08541
3166,102.20395
3167,109.95601
3168,94.87979
3169,111.500435
3170,108.96598
3171,98.88316
3174,102.917816
3175,104.90233
3178,104.46847
3180,99.5521
3181,95.87315
3182,115.504
3184,107.50712
3185,95.28461
3188,102.18729
3191,108.96598
3195,100.84657
3196,103.67562
3199,100.68213
3203,99.206764
3207,95.65602
3209,100.68213
3215,93.26348
3217,95.07925
3218,101.04668
3222,111.65555
3223,112.38255
3224,101.58024
3225,102.18729
3230,90.16979
3231,105.18776
3235,111.64565
3237,97.64527
3241,106.68436
3242,94.08417
3243,108.79404
3244,102.62975
3245,106.978165
3246,93.87732
3248,75.97245
3250,92.24929
3251,92.46473
3258,98.999855
3259,100.1122
3260,105.84577
3261,102.652565
3265,108.10655
3268,108.26519
3270,101.66683
3271,92.71201
3273,113.061424
3276,102.51357
3278,110.20263
3281,92.27648
3282,102.26632
3284,112.45035
3286,100.085266
3289,98.11805
3292,99.988304
3293,97.93684
3294,95.63797
3295,103.67562
3296,100.80027
3297,99.829895
3300,95.8435
3301,108.96849
3305,90.61577
3306,93.18718
3308,106.67039
3310,111.64565
3311,110.761856
3312,91.414215
3313,106.78895
3315,98.316635
3318,96.98565
3323,98.64227
3325,105.45553
3327,98.17136
3328,98.102036
3332,78.529915
3333,109.13378
3334,94.19895
3336,99.25053
3342,102.48674
3344,94.17305
3345,112.57951
3347,98.15403
3349,96.09348
3350,104.56391
3353,98.2229
3354,109.357574
3357,102.18729
3361,99.06946
3362,114.088844
3363,92.4956
3364,107.34584
3365,98.3645
3366,98.14166
3367,108.948784
3368,90.55096
3369,111.64565
3370,95.63797
3373,95.65472
3375,99.49433
3376,112.24915
3379,95.7992
3381,108.262314
3383,102.639
3384,94.21226
3385,93.2192
3387,112.100624
3388,95.69287
3390,99.81107
3392,103.8965
3396,101.10983
3401,104.4739
3402,108.8032
3403,92.64527
3405,110.60706
3406,92.28091
3408,100.1122
3410,102.07778
3411,81.345055
3412,91.69421
3413,105.26933
3414,111.02459
3415,108.04956
3416,99.829895
3417,97.397224
3418,94.04943
3420,79.83755
3422,95.63797
3423,112.53631
3424,101.09586
3426,105.6174
3430,102.93119
3432,95.27792
3433,106.153595
3434,95.63797
3437,102.26632
3438,112.412506
3440,91.748764
3447,108.51235
3448,97.08548
3450,95.07572
3451,93.50641
3452,111.64565
3454,97.15867
3455,93.47469
3456,108.02047
3458,78.529915
3459,91.74787
3463,106.068275
3471,99.89711
3474,111.55472
3477,109.49934
3480,100.1122
3481,102.3572
3482,102.511826
3486,107.61444
3489,107.086075
3490,97.6896
3491,92.3467
3492,102.74504
3493,101.81756
3494,102.81385
3495,108.89301
3498,109.3394
3502,98.32422
3503,101.26614
3505,78.529915
3506,96.255714
3507,95.45113
3509,103.403946
3510,101.31733
3513,110.935356
3514,96.56712
3516,91.748764
3519,101.48563
3520,106.050186
3521,100.45558
3522,96.95555
3523,114.4735
3524,93.94485
3525,98.351105
3527,93.88044
3541,93.85811
3542,78.08454
3543,97.68933
3544,109.38494
3547,91.496574
3548,106.813995
3549,107.52762
3552,112.44819
3555,95.69366
3556,109.16874
3560,93.59095
3566,97.117645
3568,111.64565
3569,91.414215
3570,100.79474
3573,97.08548
3575,90.38496
3580,100.1122
3581,98.635155
3582,111.64565
3584,91.748764
3588,104.62637
3589,111.64565
3590,96.30348
3591,103.28891
3592,100.24791
3596,109.83343
3597,94.980194
3598,100.04989
3603,94.14213
3605,100.89132
3606,110.53713
3607,102.17683
3608,100.87002
3611,105.20208
3613,103.73857
3616,98.110756
3622,111.645775
3623,100.1122
3624,97.08548
3627,93.973076
3628,95.65602
3629,108.09935
3635,110.48188
3636,96.41223
3638,101.28823
3642,95.8435
3643,106.6197
3649,99.010925
3650,108.18588
3651,99.15906
3652,96.35477
3656,110.80199
3657,112.9058
3658,96.17477
3661,98.720314
3663,95.45113
3664,109.357574
3665,95.4287
3667,95.66469
3669,102.50547
3670,95.812546
3672,99.78179
3676,103.78241
3677,92.21509
3678,96.51074
3679,100.196915
3680,102.425735
3683,96.77875
3684,103.254944
3685,115.697754
3688,95.35865
3689,107.67677
3690,99.22208
3691,105.01907
3693,108.96598
3694,97.185814
3697,100.87725
3698,94.93483
3700,94.31173
3701,102.18973
3702,105.18776
3703,104.488686
3704,84.35391
3706,107.73406
3711,101.04551
3713,96.78015
3714,110.26572
3717,75.97245
3718,96.132645
3719,99.076805
3721,102.66915
3723,99.19715
3724,103.838295
3725,96.62222
3727,101.71384
3730,75.97245
3732,91.35014
3733,103.71224
3734,102.73497
3737,111.500435
3738,99.94991
3740,96.504425
3742,109.614716
3747,114.25844
3748,107.39541
3749,96.14747
3750,101.46423
3752,105.896706
3754,95.883965
3755,95.50253
3756,110.0757
3757,92.27403
3758,103.03372
3759,100.80549
3764,95.07539
3766,97.83224
3767,98.3833
3771,106.45544
3772,100.34165
3775,98.76222
3777,96.91755
3785,96.04472
3787,110.1349
3788,96.004745
3791,99.767456
3792,104.77221
3794,100.62202
3796,96.112045
3799,91.35014
3801,101.959
3802,92.54599
3803,109.86589
3805,102.79157
3806,100.07757
3807,95.63797
3808,102.93119
3809,97.8774
3811,96.17965
3812,101.96839
3813,97.8774
3814,111.01816
3817,100.1122
3819,109.198456
3820,102.9227
3821,99.500565
3822,78.71969
3823,103.00598
3825,96.131805
3826,100.235695
3827,93.18718
3829,102.18729
3833,101.68394
3837,93.263054
3841,113.02684
3842,91.748764
3843,78.529915
3844,107.73406
3848,103.403946
3850,98.91883
3851,80.68852
3852,89.058174
3854,108.74828
3857,96.026985
3858,102.93119
3859,95.34854
3860,103.71978
3861,113.48751
3862,103.769264
3863,98.163506
3870,102.25924
3872,102.93119
3873,103.14217
3874,96.85752
3877,105.85761
3880,99.64266
3882,113.80499
3885,112.01442
3887,92.01555
3888,105.18776
3889,108.382454
3891,96.435265
3892,98.070946
3894,101.179054
3895,101.858086
3896,95.01228
3898,94.48314
3899,111.07689
3900,96.16705
3903,111.64565
3904,78.69598
3905,96.82213
3906,103.67562
3907,113.02684
3908,94.8416
3909,100.235695
3910,94.44284
3911,100.1122
3912,99.868355
3915,90.446754
3918,109.307045
3919,96.652145
3920,100.1122
3921,94.69783
3922,111.477905
3923,93.47469
3926,98.17785
3927,103.49044
3930,100.80549
3931,93.85811
3940,112.39445
3941,98.15982
3942,103.278824
3954,99.18428
3955,102.10325
3956,92.77536
3957,100.62202
3958,108.98077
3959,101.06919
3960,108.71964
3963,106.621315
3964,101.85995
3965,100.235695
3972,98.00488
3976,107.71269
3978,96.88307
3980,96.77875
3981,101.213264
3982,104.19469
3983,99.91861
3984,110.8455
3987,97.98032
3989,111.6228
3990,78.00156
3996,93.4651
3997,101.858086
3998,104.47194
3999,102.344734
4000,104.46847
4001,103.67562
4002,105.547356
4003,98.03414
4004,99.14989
4006,122.20113
4014,99.426216
4017,95.2396
4019,105.97468
4020,92.86156
4021,111.88729
4022,103.614815
4023,93.572395
4024,112.23385
4027,98.845
4030,111.64565
4035,89.319145
4036,98.38749
4040,99.236084
4050,98.06297
4053,91.118515
4054,95.03645
4055,100.196915
4056,111.64565
4057,113.281456
4059,98.04169
4060,100.11663
4061,78.529915
4063,97.61043
4065,95.60711
4066,109.26709
4069,92.813995
4071,109.049965
4073,100.85207
4079,105.86003
4081,111.64565
4083,103.393234
4084,91.748764
4087,107.338234
4090,105.547356
4091,102.13435
4093,78.529915
4098,96.05381
4099,105.26055
4100,89.583565
4101,108.42477
4103,99.81286
4104,98.303375
4106,111.00638
4108,102.70348
4109,111.77252
4110,91.74787
4121,92.99882
4123,96.4574
4124,109.47892
4127,106.47537
4128,95.34854
4130,110.38959
4131,93.07059
4132,78.87245
4133,96.37728
4135,106.75624
4136,103.838295
4138,108.68367
4139,97.09585
4140,106.594154
4143,97.54608
4147,93.26348
4148,101.858086
4149,90.985115
4152,101.0728
4153,78.0266
4155,100.11663
4158,93.6851
4162,104.34241
4163,102.344734
4164,93.19167
4165,110.1349
4166,94.17305
4167,107.086075
4169,95.091805
4170,99.14989
4174,96.004745
4180,111.64565
4182,93.26348
4187,115.45354
4189,101.27314
4191,101.75537
4197,99.14989
4198,107.05848
4199,92.89847
4200,112.10274
4201,107.46436
4204,110.11724
4205,94.584435
4206,113.80499
4207,100.62202
4213,97.04855
4218,78.71969
4220,98.01459
4221,106.94725
4223,98.77802
4225,106.99576
4226,96.9098
4227,105.94607
4228,95.63797
4229,105.98257
4230,93.518456
4233,107.46742
4235,96.50591
4238,89.72184
4239,113.02684
4241,79.842575
4244,110.314545
4245,99.14989
4246,96.78503
4250,93.26348
4251,111.64565
4252,92.03833
4253,111.26663
4255,91.066345
4256,96.18096
4257,102.568954
4258,101.06884
4259,112.37022
4260,92.696266
4261,106.29347
4262,97.9213
4264,109.163315
4266,107.088615
4269,101.10983
4270,98.83324
4275,95.78062
4277,95.55723
4279,102.96634
4282,94.18734
4291,99.64178
4292,97.04831
4294,107.24815
4295,104.08231
4298,98.52794
4300,108.115265
4301,97.69471
4302,98.426994
4304,80.037506
4305,99.64802
4306,100.94002
4307,95.71574
4308,95.41618
4309,108.43383
4311,98.29345
4313,107.068756
4314,111.64565
4315,112.8041
4316,96.876274
4317,102.3352
4319,105.87925
4321,102.38087
4324,109.63579
4327,108.414795
4329,106.11919
4331,99.31637
4334,102.19599
4337,98.89045
4339,101.10485
4340,95.27267
4343,103.53988
4345,111.64565
4346,93.32392
4349,111.64565
4350,111.951004
4354,99.42978
4357,100.35069
4358,113.18194
4362,91.748764
4363,112.34324
4366,98.9647
4367,95.87151
4369,90.64165
4370,111.50905
4371,99.9716
4373,94.81759
4375,97.82987
4378,91.59513
4379,108.036514
4381,94.57489
4382,97.19009
4386,102.96634
4387,97.96867
4388,97.231445
4390,101.07682
4394,105.762596
4397,97.71172
4400,98.05773
4402,100.1122
4403,112.590546
4404,97.537315
4405,95.67369
4407,95.26394
4409,105.98257
4410,111.64565
4411,102.178604
4413,108.04011
4414,97.82987
4416,78.529915
4417,100.1122
4421,97.82987
4424,93.73396
4426,98.065926
4427,109.3966
4429,96.840324
4430,94.57946
4432,109.23243
4433,102.18729
4435,103.27411
4438,102.22013
4442,98.15982
4443,107.086075
4448,93.42674
4449,106.152084
4450,111.29614
4451,106.40739
4453,91.748764
4454,105.09079
4455,91.748764
4459,102.18729
4463,93.959335
4464,113.301956
4467,100.84273
4470,97.59138
4471,110.47632
4473,108.71037
4474,96.83766
4476,99.172554
4477,107.488625
4481,93.919975
4482,79.23467
4487,94.83792
4496,105.351974
4497,99.18428
4501,94.37973
4502,110.02646
4504,95.10007
4509,109.22797
4512,98.11706
4514,109.57878
4515,105.85226
4517,116.04438
4518,78.6996
4520,95.79406
4522,109.7821
4523,101.5508
4524,113.301956
4525,97.42456
4526,97.117645
4527,111.64565
4528,102.818565
4529,95.162186
4530,100.70069
4535,78.42705
4538,95.22426
4540,103.53579
4541,101.36681
4543,78.667244
4544,100.99618
4546,106.98728
4547,111.64565
4548,91.748764
4550,93.465225
4552,112.41188
4553,100.02577
4555,98.2229
4557,97.173515
4558,101.99435
4560,98.26058
4563,107.195854
4564,104.27025
4565,103.60122
4567,112.12442
4568,91.70253
4571,100.1122
4572,93.85811
4576,109.46836
4579,100.61081
4581,94.32824
4584,113.02684
4586,104.91136
4588,96.88104
4589,100.1122
4590,94.40392
4591,111.64565
4592,95.425934
4593,107.974945
4594,100.41429
4597,102.75269
4598,94.81759
4599,113.14732
4600,96.71106
4604,102.44829
4609,105.60234
4611,94.24411
4612,111.275375
4614,96.28996
4615,113.02684
4616,94.584435
4621,96.56524
4623,93.515854
4624,91.748764
4628,111.64565
4630,95.34151
4632,97.02287
4636,96.00075
4637,111.64565
4638,110.17626
4641,102.06236
4643,103.92983
4645,91.52754
4651,105.97468
4652,97.31659
4653,111.64565
4654,97.29669
4656,77.82412
4657,91.70253
4658,107.14466
4659,98.2229
4664,96.640366
4669,105.38293
4674,98.516266
4678,100.42796
4679,99.74512
4681,110.86865
4684,105.97468
4687,91.702484
4689,93.46235
4691,103.88718
4694,94.39794
4695,105.97468
4696,106.447334
4698,99.52936
4699,99.30528
4701,93.22185
4703,93.648575
4704,98.53012
4705,111.64565
4706,93.95441
4709,100.62202
4711,106.30055
4712,102.344734
4713,100.35565
4714,98.2229
4715,104.31785
4719,101.97108
4722,102.18729
4724,91.748764
4725,79.07979
4728,97.60517
4730,93.42915
4733,106.21439
4734,94.18734
4740,81.519165
4741,96.50621
4742,99.37641
4743,96.52049
4745,101.87878
4746,100.008575
4748,99.81319
4751,100.84703
4753,110.83145
4754,94.81759
4760,109.42927
4761,113.02684
4762,105.98257
4768,105.6174
4773,105.55958
4775,91.748764
4779,100.1122
4781,98.15982
4782,108.62271
4783,102.150055
4785,91.89143
4790,109.785736
4793,93.42915
4794,112.164185
4797,97.747086
4798,99.51138
4799,98.00399
4800,103.42851
4801,94.45712
4802,78.11735
4804,111.64565
4806,100.62202
4808,103.58181
4810,101.782036
4811,98.69327
4812,94.970474
4813,94.71013
4814,99.88188
4815,78.529915
4819,104.06611
4822,100.1122
4826,111.645775
4827,95.72417
4828,115.39483
4832,98.41001
4834,103.30956
4835,94.29119
4839,93.85811
4845,96.36606
4846,90.79918
4847,78.99411
4848,95.34648
4850,103.79352
4853,111.53189
4854,101.09825
4855,96.24662
4856,105.27773
4857,102.37252
4859,98.01459
4861,100.83299
4862,103.81642
4866,96.37728
4870,100.62202
4871,100.09821
4872,95.75489
4874,78.350746
4879,102.418274
4881,110.15837
4882,103.73364
4883,109.4738
4884,110.62393
4885,97.86807
4887,98.81243
4891,98.01459
4892,104.649796
4894,100.729195
4897,111.48335
4898,100.27237
4900,96.684105
4905,109.709076
4906,97.82987
4907,101.11186
4908,110.1349
4909,101.72693
4911,113.16364
4913,78.529915
4914,102.92134
4918,106.442444
4919,91.01764
4921,96.04334
4922,99.59713
4923,97.93609
4924,112.982765
4925,96.9098
4926,105.025085
4929,112.43594
4930,98.725815
4932,100.1122
4933,96.49464
4935,94.80162
4937,94.50292
4938,111.831024
4940,100.37117
4941,111.64565
4946,105.97468
4949,94.603546
4950,105.97468
4954,102.60563
4955,100.9905
4959,108.43383
4961,95.20888
4962,97.8774
4963,110.70606
4964,96.83766
4965,112.9653
4966,95.54897
4967,93.85811
4970,100.1122
4972,98.310745
4974,98.725815
4977,95.56351
4980,102.54386
4981,91.8553
4989,95.81753
4990,108.029495
4991,103.06225
4992,100.1122
4993,100.00453
4996,90.459984
4997,96.24048
4998,98.98786
4999,95.208305
5000,105.94607
5001,97.26984
5003,102.18729
5008,108.96598
5010,103.5204
5012,98.15982
5013,96.64022
5016,97.8774
5017,78.44462
5024,97.43974
5026,110.60115
5027,93.26348
5028,112.59818
5029,109.103546
5030,100.1122
5031,99.9976
5033,110.84718
5035,101.602715
5037,115.0528
5040,102.60563
5041,105.96979
5042,98.743385
5043,102.874626
5044,98.01459
5045,104.352295
5047,94.72776
5048,95.32196
5050,95.220695
5056,110.88935
5058,97.98267
5060,115.0528
5061,96.742676
5064,105.53638
5066,100.62202
5067,98.01459
5068,94.17305
5070,91.748764
5072,98.930275
5073,93.79839
5078,101.53214
5082,110.348854
5084,91.40529
5085,101.132576
5086,103.98331
5087,105.08652
5090,108.214195
5091,78.529915
5092,111.17143
5096,99.53131
5097,100.196915
5098,111.621315
5100,110.562
5102,91.24965
5106,105.37997
5110,107.519196
5116,91.24965
5117,102.061005
5119,102.17683
5120,112.5976
5121,102.32922
5124,111.53317
5126,98.67578
5130,104.488495
5131,92.42266
5133,102.44529
5136,113.02684
5138,93.693184
5139,112.658844
5140,93.19167
5141,91.31208
5145,98.01459
5146,78.44322
5147,95.064
5151,113.871544
5152,98.34229
5153,96.06821
5156,93.26348
5157,108.382454
5158,94.19128
5160,94.81723
5161,92.31538
5162,104.46931
5163,95.47854
5168,99.54336
5170,97.33895
5173,101.858086
5174,78.529915
5175,95.38157
5177,92.66126
5178,91.31398
5179,114.65063
5180,100.635254
5181,102.82904
5182,100.82317
5183,95.245255
5187,102.38087
5192,97.97369
5194,96.05497
5195,99.83659
5197,105.033875
5198,101.10485
5201,110.1349
5202,97.06056
5206,114.65063
5209,103.838295
5210,94.17305
5211,78.424545
5213,107.086075
5215,99.82774
5216,105.18776
5217,96.33725
5219,97.60744
5221,99.34943
5223,96.863396
5226,96.48392
5228,104.88212
5230,96.470215
5231,94.96871
5235,98.30878
5236,111.64565
5238,122.71991
5242,109.90516
5243,96.31143
5245,95.65602
5246,107.98216
5247,100.1122
5249,105.20758
5250,94.82423
5252,115.0528
5254,101.899376
5258,110.5601
5261,98.0506
5262,91.43634
5263,98.2002
5264,106.03577
5265,89.79193
5267,98.80597
5269,95.95169
5270,100.97562
5271,98.86091
5272,100.196915
5273,107.39857
5274,96.11723
5278,100.13215
5282,113.48751
5288,92.28091
5291,95.66993
5295,75.97245
5296,97.8774
5298,112.051476
5300,93.322266
5301,96.27506
5303,103.838295
5304,102.504555
5307,99.53131
5311,111.038055
5313,95.09847
5314,103.579124
5315,97.07781
5318,78.12863
5321,102.1372
5322,92.9233
5324,96.12677
5325,99.55522
5326,102.14952
5327,98.79043
5328,100.909706
5330,78.44322
5332,98.01459
5333,94.60635
5335,99.57912
5337,113.16364
5339,101.65234
5340,103.11739
5342,111.03708
5343,90.93863
5344,96.14897
5346,98.69213
5347,103.21124
5350,104.79135
5351,93.712654
5352,108.94329
5353,104.47194
5354,102.344734
5357,106.12406
5358,94.32773
5359,91.64352
5361,94.6104
5363,78.529915
5365,110.289734
5369,100.1122
5372,99.82774
5374,102.344734
5377,91.71386
5380,95.55723
5381,111.89386
5382,107.284256
5385,78.69063
5386,110.19287
5387,98.83755
5388,105.58162
5390,90.53054
5392,111.05659
5394,95.63797
5396,101.61457
5400,106.42956
5405,96.4568
5406,78.71969
5409,93.62091
5410,96.728874
5411,92.40384
5412,94.17305
5415,102.504555
5416,99.728264
5419,97.55676
5422,91.62465
5423,105.18776
5427,97.18869
5428,108.28703
5430,93.47432
5432,110.68598
5433,98.67414
5434,101.6781
5435,111.77252
5436,100.848564
5438,105.75305
5439,100.709145
5441,107.98216
5442,91.46723
5443,93.865326
5445,110.287674
5448,97.00552
5449,95.34151
5450,109.56538
5453,97.05416
5454,109.89087
5457,100.84491
5461,101.39339
5470,97.58879
5471,100.42796
5473,96.81803
5477,102.421326
5478,108.19046
5481,98.01459
5483,113.26364
5484,100.196915
5487,101.27571
5489,99.743576
5490,95.63797
5491,77.82022
5492,109.90516
5493,91.71386
5494,109.3394
5498,108.03592
5500,95.05056
5501,97.42851
5502,99.14989
5505,100.578766
5506,99.01638
5508,106.68155
5510,100.196915
5513,92.98144
5514,107.38792
5515,93.0842
5519,110.9772
5520,100.84491
5523,96.64022
5524,110.1349
5525,103.60404
5526,99.47502
5530,97.82557
5531,102.88344
5534,94.814384
5537,98.381905
5538,114.4735
5539,78.35732
5541,93.86951
5542,103.829605
5543,92.56052
5544,113.13239
5545,94.38631
5546,99.010925
5549,100.06228
5552,99.728264
5553,78.49695
5556,102.540955
5557,99.97498
5558,93.366844
5564,94.60462
5569,97.39336
5570,104.884186
5571,105.093864
5573,80.375336
5575,97.88693
5577,96.54108
5578,110.368065
5582,109.622955
5585,98.418564
5588,109.614716
5590,108.6766
5600,93.51958
5601,103.27287
5604,99.53131
5606,81.78485
5611,100.62202
5615,97.78792
5617,102.18729
5618,96.83766
5619,99.58957
5620,99.53131
5622,96.72919
5624,96.05381
5625,106.21819
5626,93.71642
5627,96.4574
5630,92.23382
5632,110.1349
5634,94.97294
5635,95.19005
5636,91.74787
5637,103.48285
5641,103.5204
5642,91.50033
5643,93.93928
5644,92.2423
5647,107.49129
5648,98.04627
5650,103.04252
5651,102.15923
5652,77.06872
5654,96.76649
5657,110.45913
5659,114.52186
5660,95.196236
5661,93.68679
5664,95.63797
5665,96.39349
5666,98.635155
5668,96.83766
5669,109.614716
5677,97.96295
5678,113.517456
5680,95.55723
5681,109.92041
5682,93.26348
5684,100.1122
5685,110.308975
5686,99.53131
5689,78.529915
5695,89.15097
5696,109.62831
5700,99.38729
5701,97.62086
5702,93.72515
5703,108.02074
5705,97.56203
5706,100.62202
5708,103.41428
5711,100.1122
5712,106.31335
5713,97.582855
5715,104.21589
5716,92.437195
5717,101.34904
5719,95.00857
5720,110.22714
5722,91.748764
5727,113.23291
5728,98.01459
5732,106.00655
5734,103.41428
5735,78.280685
5737,93.256355
5738,105.8482
5739,114.13148
5740,93.47432
5742,112.733025
5743,102.23573
5744,103.12065
5746,90.49353
5749,93.86951
5753,97.57752
5756,99.31666
5759,104.13883
5761,115.47002
5763,113.46996
5764,110.2359
5765,97.8774
5767,95.65602
5775,103.92983
5779,102.34391
5781,97.27874
5785,103.00164
5787,90.479546
5792,94.05573
5795,100.62202
5798,103.14073
5799,110.88935
5800,100.57026
5802,78.71969
5807,98.01459
5809,104.53005
5810,96.11651
5811,100.35069
5812,96.83766
5814,109.90516
5817,111.16398
5818,103.38657
5819,102.18729
5820,95.2554
5821,91.98046
5824,99.53131
5826,108.68386
5828,92.23382
5834,78.529915
5835,115.39483
5836,103.41428
5840,94.35153
5841,95.25919
5843,95.28489
5847,100.196915
5849,102.92508
5852,107.71668
5855,109.614716
5856,92.66602
5857,106.83672
5859,96.06296
5861,115.39483
5862,103.5204
5863,90.18432
5865,94.110886
5872,103.04252
5873,112.5599
5875,101.19528
5881,114.20312
5882,78.45445
5883,112.59618
5885,94.8736
5887,97.8774
5888,110.83145
5889,103.04252
5891,99.50077
5892,110.25782
5893,99.31474
5894,100.1122
5895,95.9106
5899,107.48748
5900,94.74342
5902,107.22101
5904,114.65063
5905,111.0718
5907,95.08541
5913,95.9123
5915,115.0528
5916,102.53372
5917,95.2897
5918,105.18776
5920,102.74973
5921,96.83766
5922,112.51083
5923,97.8774
5925,106.04694
5927,100.62202
5928,96.4574
5931,100.196915
5940,96.95903
5941,110.1349
5945,103.41428
5947,102.344734
5948,114.65063
5949,100.1122
5950,92.95656
5952,98.31621
5955,103.70954
5956,106.26803
5958,94.29119
5959,99.726036
5960,104.94398
5963,101.96839
5966,107.39032
5967,101.75465
5970,95.18561
5971,110.76478
5972,96.90892
5973,97.2966
5976,105.36505
5977,100.1122
5979,99.40402
5980,113.16174
5984,103.41428
5985,107.519196
5986,91.1717
5987,101.7696
5988,76.93054
5990,97.713196
5993,114.65063
5994,97.44947
6000,96.4574
6005,100.362175
6008,78.350746
6009,107.38792
6010,90.875114
6013,102.86173
6019,96.95143
6020,96.676384
6021,105.80218
6022,95.35012
6023,112.9058
6027,110.85565
6031,96.04087
6032,77.98705
6033,108.81168
6034,97.0021
6035,107.61329
6037,103.41428
6038,102.344734
6039,96.78409
6043,103.869514
6046,109.887184
6050,103.41428
6055,110.70606
6056,91.516884
6057,101.85084
6060,97.8774
6061,93.26348
6066,109.3528
6069,110.15086
6073,108.308075
6074,78.50215
6075,120.890335
6076,114.65063
6077,92.23382
6078,99.34942
6079,96.71771
6082,103.92983
6083,109.90516
6085,110.85631
6086,95.30792
6088,105.700325
6090,102.18729
6091,94.01258
6093,95.67369
6096,108.95347
6098,101.1321
6099,100.79611
6101,98.01459
6102,102.18729
6103,108.00652
6111,92.23382
6112,100.536385
6113,102.79157
6115,112.835106
6119,94.04672
6120,105.18776
6121,105.18776
6122,94.89447
6124,101.858086
6126,97.57752
6127,104.831314
6129,105.18776
6131,106.37995
6133,100.62202
6134,110.26572
6135,102.91327
6136,106.96745
6138,100.27004
6143,106.31157
6147,76.342
6148,100.94169
6150,105.18776
6151,95.15996
6152,105.18776
6153,103.214745
6154,106.32641
6155,97.0665
6157,78.71969
6158,100.62202
6161,113.80499
6163,111.51491
6166,104.49241
6167,78.69063
6174,100.20591
6175,96.4568
6179,110.43607
6183,112.27753
6184,96.61846
6187,95.04784
6190,104.972565
6191,96.212036
6198,96.997925
6199,110.15086
6200,96.4568
6205,103.607605
6206,104.31002
6208,96.41535
6212,78.69063
6214,115.39483
6215,106.546425
6218,98.66231
6220,95.115036
6221,113.16314
6224,98.01459
6225,100.93759
6226,94.493996
6227,96.916725
6228,113.48751
6229,97.04333
6230,92.586655
6231,105.347145
6232,96.76451
6233,95.56489
6234,101.858086
6236,96.39948
6237,109.90516
6238,97.190605
6239,96.17254
6241,99.588295
6243,109.357574
6244,96.53812
6245,106.59069
6246,95.67881
6248,95.72027
6249,95.27578
6250,107.269455
6252,101.18532
6253,104.28053
6256,96.10579
6257,97.93714
6258,92.23382
6259,78.529915
6263,100.4107
6265,99.14989
6266,99.636314
6267,93.31652
6268,95.55723
6270,114.52493
6272,107.23003
6273,91.360085
6274,112.38255
6277,103.466576
6280,112.39808
6282,99.55659
6283,107.335014
6285,106.78036
6289,110.15987
6290,95.177246
6291,91.56482
6294,114.13148
6296,103.054634
6297,94.39114
6299,97.07198
6301,79.0136
6302,93.926056
6303,98.04597
6305,96.68908
6306,96.55401
6307,102.344734
6309,110.334984
6311,113.48751
6313,102.344734
6314,95.91627
6315,105.18776
6316,103.41428
6317,97.23579
6318,109.784195
6319,100.108406
6321,108.94743
6322,99.535
6323,99.14989
6326,103.681496
6327,100.25799
6328,98.95367
6329,114.4735
6331,93.15245
6332,102.344734
6333,78.529915
6334,105.21453
6335,96.02421
6337,92.65355
6338,98.280525
6339,112.9513
6343,103.5204
6346,95.162186
6350,110.15086
6352,95.90133
6355,98.381905
6356,93.22447
6359,94.56844
6361,99.44962
6362,78.529915
6365,114.4735
6366,102.7817
6367,107.54443
6369,109.614716
6372,93.0017
6373,91.38264
6374,112.29764
6375,78.529915
6376,95.566925
6378,110.1349
6380,99.345055
6384,94.29979
6385,100.62202
6386,110.9772
6387,93.58499
6389,96.09511
6391,98.430756
6394,104.8041
6396,95.40306
6397,95.63797
6399,110.2667
6400,98.04534
6404,104.056145
6408,97.83841
6410,110.1349
6412,95.27578
6414,91.91581
6415,114.52186
6421,95.34854
6422,107.86626
6423,96.292915
6424,92.419525
6425,105.18776
6427,99.005424
6428,93.47432
6433,100.196915
6435,111.53317
6436,95.149994
6444,94.50894
6446,96.4574
6447,99.99176
6449,93.795074
6451,101.96839
6452,94.029205
6454,101.20354
6456,80.06762
6459,96.4568
6460,108.248795
6462,97.08292
6463,94.17305
6465,101.51355
6466,107.4205
6468,96.79214
6472,109.823586
6475,107.53482
6476,90.425766
6477,98.01459
6478,96.74361
6480,113.26364
6482,107.133
6483,103.466576
6485,102.31775
6486,96.53916
6487,94.77653
6488,100.893
6489,78.35732
6490,103.04252
6491,91.18218
6492,96.415085
6493,107.70213
6494,108.72056
6497,101.858086
6498,96.37834
6499,100.1122
6500,98.2229
6501,100.69174
6502,95.55953
6503,114.4735
6504,91.18218
6507,102.581406
6511,99.057686
6516,107.081955
6517,101.858086
6518,99.14989
6520,78.280685
6522,99.93505
6524,100.1122
6527,93.47432
6530,105.18776
6532,109.1567
6538,93.795074
6539,106.869255
6542,103.5204
6543,97.44947
6544,110.1349
6545,99.32027
6546,94.285286
6549,113.21537
6550,78.35732
6552,106.01062
6554,113.61428
6557,95.595116
6558,100.71667
6559,92.688614
6560,114.99403
6562,95.162186
6563,100.196915
6566,106.546425
6567,105.97468
6570,98.06814
6571,95.34151
6572,94.15934
6575,105.18776
6576,102.02105
6578,96.4369
6580,105.18776
6583,103.41428
6584,104.260475
6587,101.858086
6588,102.27205
6591,112.59328
6592,78.45445
6596,89.85282
6597,103.41428
6598,93.47432
6605,105.18776
6606,100.196915
6610,100.0675
6612,104.04377
6615,79.934685
6620,93.439224
6622,98.71977
6623,101.959
6624,102.30991
6625,103.41428
6626,101.858086
6628,93.70567
6630,103.18633
6632,93.659485
6633,97.08113
6635,78.529915
6637,93.85811
6640,97.36527
6643,102.879005
6644,113.26364
6645,109.90516
6646,96.96752
6647,95.106316
6648,106.93961
6649,105.18776
6650,93.04122
6652,97.60744
6653,95.72027
6655,92.31538
6656,107.6206
6658,96.4574
6659,103.191124
6660,95.106316
6661,107.081955
6662,100.1122
6664,94.64138
6667,100.84703
6672,107.332436
6674,92.23382
6678,105.230675
6682,98.001076
6683,95.63797
6684,104.056305
6686,77.464676
6687,100.84703
6691,101.0538
6695,104.68647
6696,106.17836
6697,111.635475
6703,101.37284
6705,103.41428
6706,109.103546
6708,91.17409
6709,107.4721
6710,105.34463
6711,90.504135
6714,105.18776
6716,108.71571
6717,104.21589
6718,101.39339
6719,97.16154
6720,99.68362
6726,96.4568
6727,95.65602
6728,94.77259
6729,102.37355
6730,102.344734
6732,95.106316
6733,95.86564
6734,95.67988
6740,98.86636
6742,100.71641
6744,94.53937
6746,95.506004
6748,99.53175
6754,100.54224
6758,95.457985
6760,99.63284
6762,105.18776
6767,99.28158
6769,108.192055
6770,101.34002
6772,91.40529
6775,104.47194
6776,95.12544
6777,111.157555
6780,96.83766
6782,110.85631
6783,96.01564
6785,97.0258
6788,102.18729
6789,115.39483
6791,97.33774
6792,78.45445
6794,111.68278
6796,110.2667
6797,91.71096
6799,104.996796
6800,96.4568
6801,104.98718
6802,100.1122
6803,97.61967
6804,108.24699
6805,94.28782
6808,96.31143
6809,96.62959
6811,105.1961
6812,105.24413
6813,95.32792
6814,103.481804
6821,95.2127
6826,103.11739
6827,114.99403
6830,78.71969
6835,99.236946
6839,100.1122
6841,100.108406
6842,104.694374
6844,96.83766
6848,115.39483
6849,104.48867
6850,94.84075
6854,102.344734
6855,98.06811
6856,96.850006
6857,101.19769
6859,92.66448
6860,92.72902
6862,94.250374
6871,111.53317
6872,95.193054
6873,102.344734
6876,96.36606
6879,100.90723
6881,106.09671
6882,97.300316
6885,98.27806
6887,101.21052
6888,107.73202
6889,102.44518
6891,97.965805
6892,105.18776
6895,93.62313
6896,110.19169
6897,107.53727
6898,109.96599
6901,94.39466
6902,100.135506
6903,100.196915
6907,92.371506
6908,101.29654
6909,110.40335
6911,98.8987
6914,111.3017
6915,96.729256
6916,97.02952
6917,102.18729
6918,111.64565
6919,112.09843
6921,101.73915
6924,96.58667
6925,104.08818
6929,122.55852
6930,96.23305
6932,98.17894
6934,96.803375
6935,113.48751
6938,93.80063
6940,106.61895
6948,100.1122
6950,109.10061
6952,108.39111
6956,91.87736
6957,108.18006
6958,102.04883
6959,102.18729
6960,98.98878
6961,96.64022
6962,102.344734
6965,92.73467
6967,114.65063
6969,81.284096
6971,122.55852
6973,101.85172
6974,96.254074
6975,92.719086
6977,96.31143
6979,93.45714
6980,94.78903
6982,98.2172
6983,108.97195
6984,107.07462
6988,103.41428
6990,95.14259
6992,96.55901
6999,107.474655
7000,91.87203
7002,102.38087
7004,98.36432
7005,99.58179
7007,105.18776
7009,99.82607
7015,101.16473
7016,101.729004
7020,98.1549
7021,91.49905
7022,97.58096
7029,100.1122
7032,97.41446
7034,111.91392
7035,90.29
7038,113.48751
7040,114.46201
7041,98.70931
7042,95.961815
7043,102.344734
7047,97.8774
7048,95.886566
7052,108.78651
7053,96.850006
7056,105.9664
7058,107.57584
7059,92.45548
7062,100.1122
7065,95.106316
7066,97.20306
7068,99.61836
7069,100.62202
7070,104.688324
7072,108.214195
7073,111.03708
7076,91.31398
7077,96.29775
7084,109.08934
7086,100.1122
7087,106.06279
7088,97.8774
7089,103.466576
7090,103.40753
7091,78.18058
7093,96.268074
7095,100.196915
7096,104.978065
7097,113.26364
7098,96.541405
7099,100.1122
7103,98.01459
7111,112.78111
7115,95.34151
7119,112.6771
7122,113.442986
7125,98.395134
7126,111.1991
7128,112.16561
7129,96.83766
7130,96.31143
7138,99.691284
7139,95.106316
7140,112.0912
7142,98.06874
7143,96.37889
7145,110.9772
7146,102.26944
7149,95.42286
7153,96.33071
7155,95.34151
7158,110.50391
7160,91.6149
7162,94.35153
7165,110.85546
7166,102.18729
7168,101.01813
7171,100.84207
7172,110.053535
7175,78.529915
7176,110.3755
7183,95.104454
7190,98.985245
7192,103.66091
7194,102.52702
7195,105.87925
7196,99.91861
7198,81.6559
7202,115.0528
7203,92.82438
7205,103.466576
7206,114.65063
7208,94.717476
7212,91.98065
7215,96.18096
7218,105.97745
7219,107.57584
7221,122.265396
7222,95.014534
7223,90.81951
7228,100.62202
7229,95.106316
7230,96.36606
7231,109.031044
7232,114.99403
7233,99.242516
7235,97.973854
7237,96.03757
7238,114.65063
7241,114.52186
7243,93.61342
7246,102.344734
7254,105.18776
7255,92.94772
7257,114.52186
7258,92.41894
7259,114.65063
7262,79.67549
7263,105.938034
7265,98.635155
7266,103.5204
7267,105.456436
7268,95.6591
7271,106.878395
7272,94.31858
7274,102.18729
7275,108.389786
7276,97.01
7277,101.07928
7278,78.71969
7280,93.30846
7282,96.4568
7283,100.235146
7288,100.47067
7290,110.15086
7291,92.53811
7294,102.344734
7295,95.99949
7300,114.13148
7302,100.90723
7303,100.26228
7305,102.18729
7307,100.35565
7310,103.466576
7311,91.76956
7315,100.196915
7317,94.38664
7318,104.835075
7320,94.82423
7322,99.814865
7326,112.9058
7327,108.862915
7329,94.813576
7331,103.466576
7332,102.558304
7333,91.496574
7335,78.71969
7336,97.25966
7340,105.4666
7343,109.13907
7346,98.68578
7348,105.47655
7351,113.42717
7352,95.4226
7354,105.03947
7359,78.529915
7361,96.214806
7362,114.65063
7365,93.44195
7367,93.968155
7371,94.93414
7372,114.52186
7376,104.341064
7378,99.212555
7381,122.265396
7384,114.13148
7387,94.97291
7388,98.424355
7389,108.188934
7390,94.62775
7392,107.17584
7393,105.2476
7395,94.77829
7398,104.117355
7401,93.26348
7402,96.9914
7404,96.415085
7406,110.18108
7407,96.379814
7409,93.60963
7410,107.3229
7411,91.0399
7412,94.81759
7413,102.4067
7415,95.65602
7418,105.657196
7424,93.76072
7426,91.59176
7427,106.02089
7428,92.72425
7429,103.07541
7431,108.389786
7435,93.574295
7439,96.14747
7443,111.645775
7444,78.71969
7447,102.23573
7449,114.652954
7452,114.99403
7453,105.083275
7456,91.82394
7458,96.65173
7460,110.03465
7461,97.713196
7463,93.26348
7468,106.27569
7470,78.39677
7471,103.67879
7474,93.47432
7475,93.39807
7476,111.28001
7477,114.46201
7478,94.81586
7481,108.41073
7482,101.80578
7483,95.72736
7485,106.939156
7486,106.06465
7487,105.03947
7488,112.08107
7489,111.56301
7490,103.466576
7492,102.50288
7493,102.634155
7496,109.1624
7497,105.03947
7498,100.80549
7499,103.466576
7500,101.959
7502,100.914085
7506,104.44867
7507,100.78339
7512,96.64022
7513,105.18776
7514,96.214806
7520,111.64565
7523,104.79585
7525,96.676384
7530,111.40759
7531,91.0399
7532,98.411964
7533,91.85982
7535,113.26364
7536,106.546425
7539,99.868355
7542,98.2229
7543,78.71969
7544,110.22714
7546,98.96984
7547,96.39407
7548,101.68075
7549,102.144264
7550,96.676384
7552,94.294044
7556,107.57584
7557,95.7493
7558,111.645775
7559,93.68679
7560,109.50424
7563,96.27416
7568,98.040955
7573,95.7357
7575,96.46091
7576,101.64196
7577,99.3316
7580,114.4735
7581,107.13862
7582,100.9905
7583,112.1843
7584,97.92137
7585,102.38087
7588,98.70931
7589,101.06222
7591,102.10325
7592,95.67881
7596,100.8334
7597,109.7821
7598,89.23184
7599,104.04377
7605,105.27228
7607,110.91588
7609,106.781746
7610,94.74342
7611,100.73927
7612,80.00633
7614,97.83841
7620,105.18776
7621,93.43218
7629,95.67881
7630,94.603546
7638,76.95622
7641,96.58667
7642,100.59611
7643,93.86951
7646,102.94255
7647,107.13862
7651,78.71969
7654,108.75834
7656,114.46201
7657,107.633415
7658,93.68679
7660,113.48751
7661,97.15326
7663,112.48519
7665,98.79271
7667,97.67791
7671,100.919
7674,112.51518
7675,77.99561
7676,110.76439
7677,109.90516
7681,91.48206
7682,104.487625
7684,96.71771
7686,114.65063
7687,114.65063
7689,96.004745
7691,78.529915
7694,100.62202
7697,96.4574
7700,112.07202
7701,98.2002
7705,115.39483
7706,101.959
7708,96.28756
7709,97.483536
7710,102.25924
7711,93.674675
7712,101.29654
7714,98.80597
7716,106.98179
7720,106.07046
7723,97.27379
7724,100.74563
7726,110.525085
7728,93.38742
7729,86.2538
7731,101.858086
7732,94.28782
7734,102.18729
7736,103.41428
7737,114.46201
7738,96.93204
7739,95.1431
7743,114.65063
7745,91.31398
7746,93.46044
7748,113.32021
7749,95.13456
7751,114.52186
7753,99.498726
7755,110.22714
7759,78.25299
7762,111.55579
7764,105.78645
7766,101.9077
7769,112.02075
7770,96.66179
7772,100.108406
7775,110.17986
7777,111.08237
7778,77.155975
7780,96.05806
7781,112.1843
7782,114.52186
7784,108.225365
7785,95.193054
7788,105.13469
7790,91.31398
7792,78.52252
7796,102.25924
7797,103.37287
7798,97.62582
7801,105.47655
7803,110.21433
7804,101.858086
7806,95.01394
7809,111.63517
7810,96.214806
7812,114.65063
7813,94.539505
7814,90.47446
7815,100.36708
7816,101.2938
7820,101.83808
7821,95.55723
7824,99.53598
7826,96.97914
7827,100.8274
7829,101.66361
7830,96.27416
7831,90.843155
7836,105.97681
7838,94.73308
7839,78.71969
7841,111.0241
7845,95.97082
7847,109.260895
7848,112.38255
7849,94.294044
7851,111.64565
7852,114.46201
7854,109.90516
7856,103.41428
7857,94.83792
7859,102.23573
7860,104.79796
7861,98.291214
7862,96.4568
7864,78.42705
7867,106.16683
7870,94.84061
7873,94.414185
7875,103.54669
7876,101.00722
7880,104.820526
7882,97.24815
7884,95.01394
7887,102.89852
7888,100.196915
7892,107.73202
7895,97.26991
7897,102.17683
7899,100.1122
7900,110.46871
7903,94.82665
7907,110.62225
7908,78.529915
7911,110.10095
7912,112.54368
7914,108.93417
7915,96.4574
7916,109.35833
7917,93.92423
7920,90.7673
7921,110.711266
7922,101.34904
7924,98.40547
7926,102.2692
7928,101.36568
7929,97.07198
7931,99.00675
7934,115.39483
7936,113.08884
7937,91.62221
7938,122.265396
7940,98.099785
7941,95.9056
7944,106.515434
7947,103.41428
7952,113.115814
7953,105.761444
7954,100.1122
7956,95.106316
7957,100.22065
7958,95.01394
7963,95.67369
7969,99.05295
7970,97.46774
7972,106.706764
7973,94.38674
7975,103.974266
7977,96.6108
7979,100.666885
7980,101.74803
7981,96.415085
7985,91.1717
7987,105.18776
7988,95.64798
7990,114.65063
7996,113.77425
8000,93.26348
8001,114.52186
8003,100.04656
8004,101.424164
8005,105.484116
8006,99.53131
8008,100.62202
8010,110.949165
8012,100.592064
8014,108.724846
8016,95.106316
8018,108.93474
8020,114.51081
8021,114.52186
8022,103.41428
8025,110.85631
8028,96.7449
8032,105.18776
8034,122.265396
8037,104.13844
8038,100.54176
8040,100.1122
8041,96.4568
8043,100.55139
8045,110.85631
8047,114.46201
8051,98.26253
8052,97.29882
8055,103.48615
8056,96.36144
8057,98.37348
8058,111.76245
8060,100.449905
8063,102.18729
8065,101.79128
8069,114.52186
8073,99.057686
8074,95.56739
8075,100.84207
8077,105.72901
8078,95.993484
8079,96.85091
8082,89.21616
8083,104.0163
8085,112.88677
8086,95.67369
8088,96.0748
8092,76.00665
8093,100.37823
8095,95.9056
8096,110.64183
8097,102.043045
8098,96.70839
8099,99.98868
8102,96.41779
8103,108.68093
8104,102.344734
8105,104.398506
8106,96.7662
8107,98.28913
8108,97.14125
8109,100.1122
8113,103.3366
8114,97.53572
8117,95.363174
8119,111.16467
8120,105.68587
8122,113.906525
8123,92.90795
8124,95.65602
8126,111.64565
8130,104.73382
8132,95.85464
8133,94.57169
8134,91.624306
8135,122.265396
8136,101.315956
8137,109.082016
8144,98.0847
8147,102.344734
8149,95.63797
8150,104.07209
8151,109.53983
8152,101.89371
8156,122.265396
8157,96.79835
8158,93.68679
8159,112.46389
8160,100.27004
8164,100.36708
8165,112.44208
8167,109.103546
8169,99.057686
8171,95.3127
8174,114.99403
8175,102.818565
8177,100.124596
8178,109.02512
8180,95.769196
8183,104.5354
8185,98.2229
8186,112.12895
8187,101.18392
8188,106.532875
8189,122.265396
8192,95.106316
8193,110.2934
8195,96.33221
8197,95.34151
8200,102.18729
8203,113.24193
8204,101.858086
8205,91.45058
8206,109.92216
8209,99.292175
8210,102.117325
8212,100.196915
8213,112.87664
8215,96.004745
8216,99.53131
8219,122.265396
8220,101.21581
8221,104.79821
8223,95.552956
8224,103.06529
8225,92.23407
8226,101.25016
8227,96.34019
8228,98.352844
8230,95.55723
8232,114.65063
8234,112.29772
8235,106.44511
8237,102.80272
8239,95.36142
8241,99.94192
8242,78.529915
8244,99.782845
8245,100.42687
8247,103.33781
8248,101.09651
8249,103.49044
8251,94.35408
8252,108.55869
8253,100.35565
8255,102.01418
8259,122.265396
8262,99.00765
8265,95.87059
8266,97.44537
8269,102.18729
8270,99.1749
8273,110.25349
8274,101.28906
8283,102.83058
8284,112.831535
8285,95.106316
8286,112.73831
8290,98.50146
8291,100.42928
8292,108.30235
8293,110.9772
8295,105.3657
8297,101.54892
8298,99.68287
8300,105.74242
8301,95.96093
8303,103.315994
8304,94.00109
8305,95.63797
8306,91.918144
8307,96.57395
8309,106.837555
8310,122.265396
8311,111.4234
8312,96.70839
8313,102.725914
8318,93.0842
8322,98.10515
8324,97.60941
8327,100.60838
8329,100.1122
8333,96.5235
8335,105.97468
8336,96.79607
8337,95.769196
8340,109.47661
8342,122.265396
8343,105.41799
8344,114.46201
8348,111.4234
8350,96.26509
8354,97.2321
8356,102.396194
8357,100.448456
8362,93.42915
8367,113.26364
8368,110.39063
8369,97.09633
8371,105.47655
8373,112.27892
8374,108.862915
8375,104.76279
8378,114.72805
8382,95.69287
8383,112.00503
8384,91.328926
8385,111.22509
8387,99.94192
8390,112.88677
8392,106.78202
8393,112.276886
8395,96.70839
8397,100.60838
8399,93.18718
8402,114.4735
8403,122.55852
8405,111.23271
8406,92.40206
8412,101.31867
8415,110.696106
8417,94.83792
